<beans xmlns="http://www.springframework.org/schema/beans"
	xmlns:xsi="http://www.w3.org/2001/XMLSchema-instance" xmlns:context="http://www.springframework.org/schema/context"
	xmlns:aop="http://www.springframework.org/schema/aop" xmlns:tx="http://www.springframework.org/schema/tx"
	xsi:schemaLocation="http://www.springframework.org/schema/beans 
	http://www.springframework.org/schema/beans/spring-beans.xsd 
	http://www.springframework.org/schema/context 
	http://www.springframework.org/schema/context/spring-context.xsd 
	http://www.springframework.org/schema/aop 
	http://www.springframework.org/schema/aop/spring-aop.xsd 
	http://www.springframework.org/schema/tx  
	http://www.springframework.org/schema/tx/spring-tx.xsd">
	<!-- 配置连接池: -->
	<!-- 引入外部属性文件 -->
	<context:property-placeholder location="classpath:jdbc.properties"/>
	<!-- 配置C3P0连接池: -->
	<bean id="dataSource" class="com.mchange.v2.c3p0.ComboPooledDataSource">
		<property name="driverClass" value="${jdbc.driver}"/>
		<property name="jdbcUrl" value="${jdbc.url}"/>
		<property name="user" value="${jdbc.user}"/>
		<property name="password" value="${jdbc.password}"/>
	</bean>
	
	<!-- Hibernate的相关信息 -->
	<bean id="sessionFactory" class="org.springframework.orm.hibernate5.LocalSessionFactoryBean">
		<!-- 注入连接池 -->
		<property name="dataSource" ref="dataSource"/>
		
		<!-- 指定hibernate核心配置文件 -->
		<property name="configLocations" value="classpath:hibernate.cfg.xml" />
		
	</bean>
	
	<!-- 事务管理: -->
	<!-- 事务管理器 -->
	<bean id="transactionManager" class="org.springframework.orm.hibernate5.HibernateTransactionManager">
		<property name="sessionFactory" ref="sessionFactory"/>
	</bean>
	
	<!-- 开启注解事务 -->
	<tx:annotation-driven transaction-manager="transactionManager"/>
	
	<!--=========================== Action的配置 =============================-->
	<!-- Struts 2 管理员action -->
	<bean id="adminUserAction" class="edu.nenu.onlineExam.adminuser.action.AdminUserAction" scope="prototype">
		<property name="adminUserService" ref="adminUserService"></property>
	</bean>
	<bean id="questiontypeAction" class="edu.nenu.onlineExam.questiontype.action.QuestionTypeAction" scope="prototype">
		<property name="questionTypeService" ref="studentService"></property>
	</bean>
			<!-- Struts 2 teacher action -->
	<bean id="teacherAction" class="edu.nenu.onlineExam.teacheruser.action.TeacherAction" scope="prototype">
		<property name="teacherUserService" ref="teacherUserService"></property>
	</bean>
	<bean id="courseAction" class="edu.nenu.onlineExam.course.action.CoUrseAction" scope="prototype">
		<property name="courseService" ref="CoUrseService"></property>
	</bean>
	<bean id="gradeAction" class="edu.nenu.onlineExam.grade.action.GRadeAction" scope="prototype">
		<property name="gradeService" ref="GRadeService"></property>
	</bean>
		<!-- Struts 2 学生action -->
	<bean id="studentAction" class="edu.nenu.onlineExam.student.action.StudentAction" scope="prototype">
		<property name="studentService" ref="studentService"></property>
	</bean>

	<bean id="questionAction" class="edu.nenu.onlineExam.question.action.QuestionAction" scope="prototype">
		<property name="questionService" ref="questionService"></property>
	</bean>	 
	<bean id="paperAction" class="edu.nenu.onlineExam.paper.action.PaperAction" scope="prototype">
		<property name="PaperService" ref="PaperService"></property>
	</bean>	 
	<bean id="scoreAction" class="edu.nenu.onlineExam.score.action.ScoreAction" scope="prototype">
		<property name="ScoreService" ref="ScoreService"></property>
	</bean>	 
	<!--=========================== Service的配置  ============================-->
	<!-- 管理员service -->
	<bean id="adminUserService" class="edu.nenu.onlineExam.adminuser.service.AdminUserService">
		<property name="adminUserDao" ref="adminUserDao"></property>
	</bean>
 <bean id="questiontypeService" class="edu.nenu.onlineExam.questiontype.service.QuestionTypeService">
		<property name="questionTypeDao" ref="studentDao"></property>
	</bean>
	<!-- 学生service -->
	<bean id="studentService" class="edu.nenu.onlineExam.student.service.StudentService">
		<property name="studentDao" ref="studentDao"></property>
	</bean>
	<bean id="courseService" class="edu.nenu.onlineExam.course.service.CoUrseService">
		<property name="courseDao" ref="CoUrseDao"></property>
	</bean>
	<bean id="gradeService" class="edu.nenu.onlineExam.grade.service.GRadeService">
		<property name="gradeDao" ref="GRadeDao"></property>
	</bean>
	<!-- 教师service -->
	<bean id="teacherUserService" class="edu.nenu.onlineExam.teacheruser.service.TeacherUserService">
		<property name="teacherUserDao" ref="teacherUserDao"></property>
	</bean>

	<bean id="QuestionService" class="edu.nenu.onlineExam.question.service.QuestionService">
		<property name="questionDao" ref="questionDao"></property>
	</bean>
	<bean id="paperService" class="edu.nenu.onlineExam.paper.service.PaperService" >
		<property name="PaperDao" ref="PaperDao"></property>
	</bean>	 
	<bean id="scoreService" class="edu.nenu.onlineExam.score.service.ScoreService" >
		<property name="ScoreDao" ref="ScoreDao"></property>
	</bean>	
			 
	<!--============================ Dao的配置  ===================================-->
	<!-- 管理员dao -->
	<bean id="adminUserDao" class="edu.nenu.onlineExam.adminuser.dao.AdminUserDao">
		<property name="sessionFactory" ref="sessionFactory"></property>
	</bean>
	
	<!-- 学生dao -->
	<bean id="studentDao" class="edu.nenu.onlineExam.student.dao.StudentDao">
		<property name="sessionFactory" ref="sessionFactory"></property>
	</bean>
	<bean id="courseDao" class="edu.nenu.onlineExam.course.dao.CoUrseDao">
		<property name="sessionFactory" ref="sessionFactory"></property>
		</bean>
	
	<bean id="gradeDao" class="edu.nenu.onlineExam.grade.dao.GRadeDao" >
		<property name="sessionFactory" ref="sessionFactory"></property>
	</bean>
	
	<bean id="teacherUserDao" class="edu.nenu.onlineExam.teacheruser.dao.TeacherUserDao">
		<property name="sessionFactory" ref="sessionFactory"></property>
	</bean>
	<bean id="paperDao" class="edu.nenu.onlineExam.paper.dao.PaperDao" >
		<property name="sessionFactory" ref="sessionFactory"></property>
	</bean>	 
	<bean id="scoreDao" class="edu.nenu.onlineExam.score.dao.ScoreDao" >
		<property name="sessionFactory" ref="sessionFactory"></property>
	</bean>	
	<bean id="questionDao" class="edu.nenu.onlineExam.question.dao.QuestionDao">
		<property name="sessionFactory" ref="sessionFactory"></property>
	</bean>
	<bean id="questionTypeDao" class="edu.nenu.onlineExam.question.dao.QuestionTypeDao">
		<property name="sessionFactory" ref="sessionFactory"></property>
	</bean>
</beans>
