<?xml version="1.0" encoding="UTF-8" ?>
<!DOCTYPE struts PUBLIC
	"-//Apache Software Foundation//DTD Struts Configuration 2.3//EN"
	"http://struts.apache.org/dtds/struts-2.3.dtd">

<struts>
    <constant name="struts.enable.DynamicMethodInvocation" value="true"/>
    <constant name="struts.devMode" value="true"></constant>
	<package name="ct"  namespace="/" extends="struts-default" >
		
		<!-- 管理员action -->
 
        <action name="checkLogin" class="edu.nenu.onlineExam.adminuser.action.AdminUserAction" method="checkLogin">
            <result name="success">/admin/all.jsp</result>
            <result name="error">/adminlogin.jsp</result>
        </action>
       <action name="ckAllStudent" class="edu.nenu.onlineExam.student.action.StudentAction" method="ckAllStudent">
            <result name="ckAllStudentSucess">/admin/addstudent.jsp</result>
         </action>
         
         <action name="addStudent" class="edu.nenu.onlineExam.student.action.StudentAction" method="addStudent">
            <result name="addStudent">/admin/welcome.jsp</result>
         </action>
          
          <action name="addStudentSX" class="edu.nenu.onlineExam.student.action.StudentAction" method="addStudentSX">
            <result name="success">/admin/addstudent.jsp</result>
         </action>
         
         <action name="deleteStudent" class="edu.nenu.onlineExam.student.action.StudentAction" method="deleteStudent">
            <result name="ckAllStudent">/admin/addstudent.jsp</result>
         </action>  
         <action name=addQuestionXZ" class="edu.nenu.onlineExam.question.action.QuestionAction" method="addQuestionXZ">
         <result name="success">/admin/addquestionxz.jsp</result>
         </action>
          <action name=addQuestionTK" class="edu.nenu.onlineExam.question.action.QuestionAction" method="addQuestionTK">
         <result name="success">/admin/addquestiontk.jsp</result>
         </action>
          <action name=addQuestionPD" class="edu.nenu.onlineExam.question.action.QuestionAction" method="addQuestionPD">
         <result name="success">/admin/addquestionpd.jsp</result>
         </action>
          <action name="addScore" class="edu.nenu.onlineExam.score.action.ScoreAction" method="addScore">
            <result name="addScore">/admin/ckcj.jsp</result>
         </action>
                 <action name=addQuestionXZSX" class="edu.nenu.onlineExam.question.action.QuestionAction" method="addQuestionXZSX">
         <result name="success">/admin/addquestionxz.jsp</result>
         </action>
          <action name=addQuestionTKSX" class="edu.nenu.onlineExam.question.action.QuestionAction" method="addQuestionTKSX">
         <result name="success">/admin/addquestiontk.jsp</result>
         </action>
          <action name=addQuestionPDSX" class="edu.nenu.onlineExam.question.action.QuestionAction" method="addQuestionPDSX">
         <result name="success">/teacher/addquestionpd.jsp</result>
         </action>
         <action name="addScore" class="edu.nenu.onlineExam.score.action.ScoreAction" method="addScore">
            <result name="addScore">/admin/ckcj.jsp</result>
         </action>
         <action name="addScoreSX" class="edu.nenu.onlineExam.score.action.ScoreAction" method="addScoreSX">
            <result name="success">/admin/ckcj.jsp</result>
         </action>
         <action name="addPaper" class="edu.nenu.onlineExam.paper.action.PaperAction" method="addPaper">
            <result name="addPaper">/admin/cksj.jsp</result>
         </action>
         <action name="addPaperSX" class="edu.nenu.onlineExam.paper.action.PaperAction" method="addPaperSX">
            <result name="success">/admin/cksj.jsp</result>
         </action>
        <action name="deletePaper" class="edu.nenu.onlineExam.paper.action.PaperAction" method="deletePaper">
            <result name="deletePaper">/admin/cksj.jsp</result>
         </action> 
         <action name="deletePaperSX" class="edu.nenu.onlineExam.paper.action.PaperAction" method="deletePaperSX">
            <result name="success">/admin/cksj.jsp</result>
         </action> 
        <action name="deleteStudent" class="edu.nenu.onlineExam.student.action.StudentAction" method="deleteStudent">
            <result name="addStudent">/teacher/addstudent.jsp</result>
         </action> 
         <action name="deleteStudentSX" class="edu.nenu.onlineExam.student.action.StudentAction" method="deleteStudentSX">
            <result name="success">/teacher/addstudent.jsp</result>
         </action>  
		<!-- 学生action -->
        <action name="sLogin" class="edu.nenu.onlineExam.student.action.StudentAction" method="sLogin">
            <result name="success">/student/all.jsp</result>
            <result name="error">/studentlogin.jsp</result>
            </action>
             <action name="sSjkks" class="edu.nenu.onlineExam.question.action.QuestionAction" method="sSjkks">
            <result name="sSjkks">/student/sjkks.jsp</result>
            </action>
            <action name="sRjgcks" class="edu.nenu.onlineExam.question.action.QuestionAction" method="sRjgcks">
            <result name="sRjgcks">/student/rjgcks.jsp</result>
            </action>
            <action name="sJsjks" class="edu.nenu.onlineExam.question.action.QuestionAction" method="sJsjks">
            <result name="sJsjks">/student/jsjks.jsp</result>
            </action>
             <action name="sKscj="edu.nenu.onlineExam.score.action.ScoreAction" method="sKscj">
            <result name="sKscj">/student/kscj.jsp</result>
            </action>
        <!-- 教师action -->
           <action name="teacherLogin" class="edu.nenu.onlineExam.teacheruser.action.TeacherAction" method="teacherLogin">
            <result name="success">/teacher/all.jsp</result>
            <result name="error">/teacherlogin.jsp</result>
        </action>  
           
        <action name="ckAllStudent" class="edu.nenu.onlineExam.student.action.StudentAction" method="ckAllStudent">
            <result name="ckAllStudentSucess">/teacher/addstudent.jsp</result>
         </action>
         
         <action name="addStudent" class="edu.nenu.onlineExam.student.action.StudentAction" method="addStudent">
            <result name="addStudent">/teacher/welcom.jsp</result>
         </action>
          
          <action name="addStudentSX" class="edu.nenu.onlineExam.student.action.StudentAction" method="addStudentSX">
            <result name="success">/teacher/addstudent.jsp</result>
         </action>
         
         <action name="deleteStudent" class="edu.nenu.onlineExam.student.action.StudentAction" method="deleteStudent">
            <result name="ckAllStudent">/teacher/addstudent.jsp</result>
         </action>  
          <action name="deleteStudentSX" class="edu.nenu.onlineExam.student.action.StudentAction" method="deleteStudentSX">
            <result name="success">/teacher/addstudent.jsp</result>
         </action>
         <action name=addQuestionXZ" class="edu.nenu.onlineExam.question.action.QuestionAction" method="addQuestionXZ">
         <result name="success">/teacher/addquestionxz.jsp</result>
         </action>
          <action name=addQuestionTK" class="edu.nenu.onlineExam.question.action.QuestionAction" method="addQuestionTK">
         <result name="success">/teacher/addquestiontk.jsp</result>
         </action>
          <action name=addQuestionPD" class="edu.nenu.onlineExam.question.action.QuestionAction" method="addQuestionPD">
         <result name="success">/teacher/addquestionpd.jsp</result>
         </action>
         <action name=addQuestionXZSX" class="edu.nenu.onlineExam.question.action.QuestionAction" method="addQuestionXZSX">
         <result name="success">/teacher/addquestionxz.jsp</result>
         </action>
          <action name=addQuestionTKSX" class="edu.nenu.onlineExam.question.action.QuestionAction" method="addQuestionTKSX">
         <result name="success">/teacher/addquestiontk.jsp</result>
         </action>
          <action name=addQuestionPDSX" class="edu.nenu.onlineExam.question.action.QuestionAction" method="addQuestionPDSX">
         <result name="success">/teacher/addquestionpd.jsp</result>
         </action>
         <action name="addScore" class="edu.nenu.onlineExam.score.action.ScoreAction" method="addScore">
            <result name="addScore">/teacher/ckcj.jsp</result>
         </action>
         <action name="addScoreSX" class="edu.nenu.onlineExam.score.action.ScoreAction" method="addScoreSX">
            <result name="success">/teacher/ckcj.jsp</result>
         </action>
          <action name="addPaper" class="edu.nenu.onlineExam.paper.action.PaperAction" method="addPaper">
            <result name="addPaper">/teacher/cksj.jsp</result>
         </action>
          <action name="addPaperSX" class="edu.nenu.onlineExam.paper.action.PaperAction" method="addPaperSX">
            <result name="success">/teacher/cksj.jsp</result>
         </action>
        <action name="deletePaper" class="edu.nenu.onlineExam.paper.action.PaperAction" method="deletePaper">
            <result name="deletePaper">/teacher/cksj.jsp</result>
         </action> 
         <action name="deletePaperSX" class="edu.nenu.onlineExam.paper.action.PaperAction" method="deletePaperSX">
            <result name="success">/teacher/cksj.jsp</result>
         </action> 
         
          <action name="findBySid" class="edu.nenu.onlineExam.student.action.StudentAction" method="findBySid">
          </action>   
          <action name="findBySid" class="edu.nenu.onlineExam.score.action.ScoreAction" method="findBySid">
          </action> 
           <action name="findBySid" class="edu.nenu.onlineExam.score.action.ScoreAction" method="findBySid">
          </action>
          <action name="findByTid" class="edu.nenu.onlineExam.teacher.action.TeacherAction" method="findByTid">
          </action>   
          <action name="findByQid" class="edu.nenu.onlineExam.question.action.QuestionAction" method="findByQid">
          </action>
	</package>
</struts>
 