<?xml version="1.0" encoding="UTF-8"?>
<!DOCTYPE hibernate-mapping PUBLIC 
    "-//Hibernate/Hibernate Mapping DTD 3.0//EN"
    "http://www.hibernate.org/dtd/hibernate-mapping-3.0.dtd">
 <hibernate-mapping>
 	<class name="edu.nenu.onlineExam.paper.entity.paper" table="paper">
 		<id name="pid" column="pid">
 			<generator class="native"/>
 		</id>
 		<property name="pname" column="pname"/>
 		<!-- 试卷与任课课程的关联 -->
 		<many-to-one name="CoUrse" class="edu.nenu.onlineExam.course.entity.TeacherUser" column="cname"></many-to-one>
        <!-- 教师与试卷的关联 -->
 		<many-to-one name="teacherUser" class="edu.nenu.onlineExam.teacheruser.entity.TeacherUser" column="tid"></many-to-one>
 	<!-- 试卷与试题关联 -->
 		<set name="quenstions" lazy="false" cascade="save-update,delete">
 			<key column="qid"></key>
 			<one-to-many class="edu.nenu.onlineExam.quenstion.entity.Quenstion"/>
 		</set>
 	</class>
 </hibernate-mapping>
