<?xml version="1.0" encoding="UTF-8"?>
<!DOCTYPE hibernate-mapping PUBLIC 
    "-//Hibernate/Hibernate Mapping DTD 3.0//EN"
    "http://www.hibernate.org/dtd/hibernate-mapping-3.0.dtd">
 <hibernate-mapping>
 	<class name="edu.nenu.onlineExam.course.entity.CoUrse" table="course">
 		<id name="cid" column="cid">
 			<generator class="native"/>
 		</id>
 		<property name="cname" column="cname"/>
 		<!-- 教师与任课课程的关联 -->
 		<many-to-one name="teacherUser" class="edu.nenu.onlineExam.teacheruser.entity.TeacherUser" column="tid"></many-to-one>
 		<!-- 课程与学生关联 -->
 		<set name="students" lazy="false" cascade="save-update,delete">
 			<key column="cid"></key>
 			<one-to-many class="edu.nenu.onlineExam.student.entity.Student"/>
 		</set>
 		<!-- 课程与成绩的关联-->
 		<set name="scores" lazy="false" cascade="save-update,delete">
 			<key column="score"></key>
 			<one-to-many class="edu.nenu.onlineExam.score.entity.Score"/>
 		</set>
 	</class>
 </hibernate-mapping>
