<?xml version="1.0" encoding="UTF-8"?>
<!DOCTYPE hibernate-mapping PUBLIC 
    "-//Hibernate/Hibernate Mapping DTD 3.0//EN"
    "http://www.hibernate.org/dtd/hibernate-mapping-3.0.dtd">
 <hibernate-mapping>
 	<class name="edu.nenu.onlineExam.teacheruser.entity.TeacherUser" table="teacheruser">
 		<id name="tid" column="tid">
 		</id>
 		<property name="tname" column="tname"/>
 		<property name="password" column="password"/>
 		<property name="phone" column="phone"/>
 
 		<!-- 配置course集合 -->
 		<set name="courses" lazy="false" cascade="save-update,delete">
 			<key column="tid"></key>
 			<one-to-many class="edu.nenu.onlineExam.course.entity.CoUrse"/>
 		</set>
 	</class>
 </hibernate-mapping>
