<?xml version="1.0" encoding="UTF-8"?>
<!DOCTYPE hibernate-mapping PUBLIC 
    "-//Hibernate/Hibernate Mapping DTD 3.0//EN"
    "http://www.hibernate.org/dtd/hibernate-mapping-3.0.dtd">
 <hibernate-mapping>
 	<class name="edu.nenu.onlineExam.grade.entity.GRade" table="grade">
 		<id name="gid" column="gid">
 			<generator class="native"/>
 		</id>
 		<property name="gname" column="gname"/>
 		<!-- 年级与学生关联 -->
 		<set name="students" lazy="false" cascade="save-update,delete">
 			<key column="gid"></key>
 			<one-to-many class="edu.nenu.onlineExam.student.entity.Student"/>
 		</set>
 		<!-- 年级与成绩关联成绩 -->
 		<set name="scores" lazy="false" cascade="save-update,delete">
 			<key column="score"></key>
 			<one-to-many class="edu.nenu.onlineExam.score.entity.Score"/>
 		</set>
 	</class>
 </hibernate-mapping>
