<?xml version="1.0" encoding="UTF-8"?>
<!DOCTYPE hibernate-mapping PUBLIC 
    "-//Hibernate/Hibernate Mapping DTD 3.0//EN"
    "http://www.hibernate.org/dtd/hibernate-mapping-3.0.dtd">
 <hibernate-mapping>
 	<class name="edu.nenu.onlineExam.score.entity.Score" table="student">
 		<id name="score" column="score">
 		</id>
 	 <many-to-one name="course" class="edu.nenu.onlineExam.course.entity.CoUrse" column="cid"></many-to-one>
 	 <many-to-one name="course" class="edu.nenu.onlineExam.course.entity.Student" column="sid"></many-to-one>
 	 <many-to-one name="course" class="edu.nenu.onlineExam.paper.entity.PAper" column="pid"></many-to-one>
 	  <many-to-one name="grade" class="edu.nenu.onlineExam.grade.entity.GRade" column="gid"></many-to-one>
 	</class>
 </hibernate-mapping>
