<?xml version="1.0" encoding="UTF-8"?>
<!DOCTYPE hibernate-mapping PUBLIC 
    "-//Hibernate/Hibernate Mapping DTD 3.0//EN"
    "http://www.hibernate.org/dtd/hibernate-mapping-3.0.dtd">
 <hibernate-mapping>
 	<class name="edu.nenu.onlineExam.student.entity.Student" table="student">
 		<id name="sid" column="sid">
 		</id>
 		<property name="name" column="name"/>
 		<property name="password" column="password"/>
 		<property name="phone" column="phone"/>
 	 <many-to-one name="course" class="edu.nenu.onlineExam.course.entity.CoUrse" column="cid"></many-to-one>
 	  <many-to-one name="grade" class="edu.nenu.onlineExam.grade.entity.GRade" column="gid"></many-to-one>
 	  <set name="scores" lazy="false" cascade="save-update,delete">
 			<key column="score"></key>
 			<one-to-many class="edu.nenu.onlineExam.score.entity.Score"/>
 		</set>
 	</class>
 </hibernate-mapping>
